id,name,email,created_at,first_name,last_name
413,Bennett,apowersak1@gmail.com,2024-08-18 20:55:34.181013+00,Bennett,
412,Ethan Chen,e263chen@uwaterloo.ca,2024-08-18 17:06:57.602441+00,Ethan,Chen
409,Roshan Hegde,r3hegde@uwaterloo.ca,2024-08-18 07:51:23.018007+00,Roshan,Hegde
404,Aayan Rahman,aayan.s.rahman@gmail.com,2024-08-17 13:54:29.592753+00,Aayan,Rahman
396,Araf,araf.ahmed200@gmail.com,2024-08-17 00:21:50.342975+00,Araf,
393,Prabhdeep Singh,prabh@hack49.com,2024-08-17 00:09:07.938736+00,Prabhdeep,Singh
392,Tom Zhang,tom.zhang.career@hotmail.com,2024-08-16 17:10:17.887566+00,Tom,Zhang
390,Ilyaas Ait Simmou,yaseenaitsimmou@gmail.com,2024-08-16 16:56:20.388567+00,Ilyaas,Ait Simmou
388,Shunyu Yu,asakura.h.madoka@gmail.com,2024-08-16 16:00:50.628286+00,Shunyu,Yu
386,Golam Yasin,golamyasinayon7693@gmail.com,2024-08-16 15:26:38.008994+00,Golam,Yasin
384,Alan Liu,tc.alanliu@gmail.com,2024-08-16 04:30:21.137637+00,Alan,Liu
381,Ben Zhou,ben.zhou@uwaterloo.ca,2024-08-15 15:43:11.40533+00,Ben,Zhou
380,Mohit Bhabak,momosoccer684@gmail.com,2024-08-15 02:10:14.738999+00,Mohit,Bhabak
378,Victor Facchina,chickenburgersone@gmail.com,2024-08-15 02:04:39.135145+00,Victor,Facchina
377,Alex,alexz.lewis@mail.utoronto.ca,2024-08-15 00:12:41.912387+00,Alex,
376,Arihan Sharma,sofwarearihan@gmail.com,2024-08-14 23:57:06.059858+00,Arihan,Sharma
375,Kovid Srivart,srivartkovid@gmail.com,2024-08-14 23:08:44.881468+00,Kovid,Srivart
373,Kovid Srivart,kovidsrivart@gmail.com,2024-08-14 23:08:26.323156+00,Kovid,Srivart
371,Edward D,eddy.the.professor@gmail.com,2024-08-14 22:39:23.027592+00,Edward,D
370,Jerry Zhu,mmmzzz66g@gmail.com,2024-08-14 22:34:36.751652+00,Jerry,Zhu
368,Jad Menkara,jadmenkara@gmail.com,2024-08-14 21:50:29.151597+00,Jad,Menkara
367,Alghaith Ahmad,alghaith.ah38+hack49@gmail.com,2024-08-14 21:35:50.446249+00,Alghaith,Ahmad
366,Matias Rivas,matiasrivas3106@gmail.com,2024-08-14 20:46:06.945309+00,Matias,Rivas
365,Karanveer Brar,karanveer.brar145@gmail.com,2024-08-12 01:35:58.524796+00,Karanveer,Brar
364,Rida Kashif,ridakashif2508@gmail.com,2024-08-12 00:12:53.204368+00,Rida,Kashif
363,Abdelghani Bensalih,Abdelghaniben40@gmail.com,2024-08-11 23:43:32.739443+00,Abdelghani,Bensalih
362,Reuben Mathew,reubendec1@gmail.com,2024-08-11 16:52:51.52191+00,Reuben,Mathew
360,P J,joshipn2018@gmail.com,2024-08-10 20:18:58.272542+00,P,J
356,Rawsab Said,raaid@uwaterloo.ca,2024-08-10 16:44:02.89556+00,Rawsab,Said
355,Eashal H,hussaineashal24@gmail.com,2024-08-10 15:09:25.083529+00,Eashal,H
354,tyoan,tyonirwansyah@gmail.com,2024-08-10 14:52:30.822151+00,tyoan,
348,Matthew Yu,matthew_yu85@outlook.com,2024-08-10 07:18:08.964869+00,Matthew,Yu
345,Bryan Zhao,b35zhao@uwaterloo.ca,2024-08-10 04:20:13.631174+00,Bryan,Zhao
341,Raihan Ahmed,raihan.ahmed.auau12345@gmail.com,2024-08-10 01:18:46.550531+00,Raihan,Ahmed
339,Malay Patel,malayp.dev@gmail.com,2024-08-09 11:35:40.263974+00,Malay,Patel
338,kyle stewart,kylestew35@gmail.com,2024-08-09 00:22:30.0396+00,kyle,stewart
336,Aidan Lao,laoaidan@gmail.com,2024-08-09 00:08:57.188005+00,Aidan,Lao
335,Riddhima Das,riddhimadas1729@gmail.com,2024-08-08 19:10:09.681955+00,Riddhima,Das
332,Kamyar Lakdashti,lakdashtikamyar@gmail.com,2024-08-08 04:07:41.497238+00,Kamyar,Lakdashti
327,Kamyar Lakdashti,kamyar.lakdashti@gmail.com,2024-08-08 04:05:27.602516+00,Kamyar,Lakdashti
325,Lani Dinh,landinhhoang0509@gmail.com,2024-08-08 01:03:01.240651+00,Lani,Dinh
323,Mahi s,smahi1356@gmail.com,2024-08-07 20:15:34.113595+00,Mahi,s
316,yo mama,hi@fijrejfir.com,2024-08-07 18:56:59.966843+00,yo,mama
314,Renzo Honorato,renzohonorato2@gmail.com,2024-08-07 17:55:00.313491+00,Renzo,Honorato
313,Alexandre Boutoille,alexandre@boutoille.com,2024-08-07 17:48:12.435786+00,Alexandre,Boutoille
312,Reda Akrab,reda.akrab13@gmail.com,2024-08-07 17:11:36.992287+00,Reda,Akrab
310,Aarnav Shah,aarnav.shah.12@gmail.com,2024-08-07 17:09:28.685535+00,Aarnav,Shah
309,what,what@what.what,2024-08-07 15:58:53.296234+00,what,
308,Samir Sharma,samirraisharma@gmail.com,2024-08-07 14:20:05.535954+00,Samir,Sharma
302,Samir Sharma,info@samirsharma.ca,2024-08-07 14:19:56.388819+00,Samir,Sharma
301,Nivindu De Silva,nn.desilva123@gmail.com,2024-08-07 11:23:56.783189+00,Nivindu,De Silva
296,Nivindu De Silva,nivindu.desilva@gmail.com,2024-08-07 11:21:40.527619+00,Nivindu,De Silva
294,Yash Laad,yashlaad@gmail.com,2024-08-07 06:51:00.553936+00,Yash,Laad
293,indiraschka,yoyoyuan1729@gmail.com,2024-08-07 05:09:14.98448+00,indiraschka,
292,Jeffrey,hi@jeffz.dev,2024-08-07 03:22:50.229154+00,Jeffrey,
291,Jackie Chen,jackiechen6016@gmail.com,2024-08-07 02:22:09.921763+00,Jackie,Chen
288,Vihaan Sharma,sharmavihaan190@gmail.com,2024-08-04 20:10:39.359015+00,Vihaan,Sharma
287,Biswas Poudel,biswas.poudel13@gmail.com,2024-08-04 14:58:12.687202+00,Biswas,Poudel
286,Samarth Gandhi,samarthg187@gmail.com,2024-08-04 14:01:37.7772+00,Samarth,Gandhi
284,Nikhil Behara,nikhilbehara734@gmail.com,2024-08-04 06:53:54.357948+00,Nikhil,Behara
281,Sara Broner,sarabronerandrea@gmail.com,2024-08-04 04:19:01.587134+00,Sara,Broner
280,Layton,layton@wardlegroup.com,2024-08-03 22:04:41.425164+00,Layton,
278,Sara Mohanty,saramohanty12@gmail.com,2024-08-03 20:39:08.536924+00,Sara,Mohanty
277,Mythili Rajesh,mythiliraj.2606@gmail.com,2024-08-03 05:45:32.931617+00,Mythili,Rajesh
276,Ghulam Mustafa,g.mustafa4006@gmail.com,2024-08-03 04:20:30.880034+00,Ghulam,Mustafa
275,Kayla,wongkayla09@gmail.co,2024-08-02 07:49:11.242234+00,Kayla,
264,Kayla,wongkayla09@gmail.com,2024-08-02 07:48:43.104114+00,Kayla,
263,Manush Patel,manush.patell@gmail.com,2024-08-02 04:20:05.714862+00,Manush,Patel
260,Ryan Xu,xuryan08@gmail.com,2024-08-02 01:18:52.431384+00,Ryan,Xu
257,Harman Bawa,harmanbawa949@gmail.com,2024-08-01 20:57:21.499924+00,Harman,Bawa
256,Abdaal Sylani,abdaalsy@gmail.com,2024-08-01 19:56:32.464769+00,Abdaal,Sylani
251,Arjun ,virkvarjun@gmail.com,2024-08-01 19:48:15.415231+00,Arjun,
239,Bhav Sharda,bhav.sharda@gmail.com,2024-08-01 14:42:50.716048+00,Bhav,Sharda
238,Resakan Prabaharan,resakanprbn@gmail.com,2024-08-01 04:13:04.970244+00,Resakan,Prabaharan
237,Zain Babar,zainbabar360@gmail.com,2024-08-01 04:08:55.399636+00,Zain,Babar
236,Reianna,rreianna11@gmail.com,2024-08-01 03:31:09.153874+00,Reianna,
235,Harrison,yangharr933@gamil.com,2024-07-31 22:34:27.154984+00,Harrison,
234,Hoa Nguyen,hoakatie07@gmail.com,2024-07-31 22:02:35.734283+00,Hoa,Nguyen
233,Swarnjeet Nath Tiwary,swarnjeettiwary01@gmail.com,2024-07-31 19:12:59.194897+00,Swarnjeet,Nath Tiwary
232,Rick S,mcfly2340@outlook.com,2024-07-31 19:03:54.419379+00,Rick,S
224,Salama Albahrani,salama1309@gmail.com,2024-07-31 17:10:26.201602+00,Salama,Albahrani
223,Amin Mojtahed,amin.mojtahed@uwaterloo.ca,2024-07-31 14:13:03.563744+00,Amin,Mojtahed
222,viha,vihabhat09@gmail.com,2024-07-31 10:09:42.729032+00,viha,
221,Aayan Karmali,aayankarmali@gmail.com,2024-07-31 05:04:16.186601+00,Aayan,Karmali
220,Afoma Egwuatu,afomaegwuatu@gmail.com,2024-07-31 00:19:47.322923+00,Afoma,Egwuatu
217,Angela Porter,sincerelyandtotallyangela@gmail.com,2024-07-30 23:30:53.036976+00,Angela,Porter
216,Krishiv Kothari,krishivkothari314@gmail.com,2024-07-30 23:20:51.172184+00,Krishiv,Kothari
214,Abbas halawi,machkary@gmail.com,2024-07-30 22:52:30.69652+00,Abbas,halawi
213,RAPHAEL APPAU FRIMPONG,raphaelfrimpong176@gmail.com,2024-07-30 21:56:27.266132+00,RAPHAEL,APPAU FRIMPONG
212,Arnav Chandra,chandraarnav09@gmail.com,2024-07-30 21:28:23.717352+00,Arnav,Chandra
211,Rhea Menezes,rheamenezes164@gmail.com,2024-07-30 21:10:23.104325+00,Rhea,Menezes
209,Muhammad Rayan,rayankhanyt@gmail.com,2024-07-30 21:03:20.3116+00,Muhammad,Rayan
208,David Akinremi,fortuneakinremi@gmail.com,2024-07-30 21:02:56.060846+00,David,Akinremi
207,Hitesh Mallula,hiteshmallula@gmail.com,2024-07-30 20:01:15.090792+00,Hitesh,Mallula
206,Vivek Sharma,viveksharma7497@gmail.com,2024-07-30 19:59:56.53426+00,Vivek,Sharma
205,Josh Roy,thecapitaltycoonpodcast@gmail.com,2024-07-30 19:23:14.150322+00,Josh,Roy
203,Josh Roy,joshroy004@gmail.com,2024-07-30 19:22:43.397129+00,Josh,Roy
201,Syed Ka Ab Surkhi,ssurkhi56@gmail.com,2024-07-30 19:06:32.167791+00,Syed,Ka Ab Surkhi
200,Alex Wu,alexyihengwu@gmail.com,2024-07-30 18:29:48.149029+00,Alex,Wu
198,Ishraq Alam,ishraqalam23@gmail.com,2024-07-30 18:23:46.347324+00,Ishraq,Alam
197,Mohamed Ghoul,ghoul_mohamed@outlook.com,2024-07-30 17:33:43.133687+00,Mohamed,Ghoul
195,Swarit Thakkar,swaritthakkar@icloud.com,2024-07-30 17:13:08.096968+00,Swarit,Thakkar
193,Rony Kati,ronykax@gmail.com,2024-07-30 16:12:52.619041+00,Rony,Kati
192,Bhavya Patel,bhavya11589@gmail.com,2024-07-30 15:34:16.954121+00,Bhavya,Patel
190,Bhavya Patel,bhavya115589@gmail.com,2024-07-30 15:34:05.835677+00,Bhavya,Patel
188,Mridul Khanna,mridulkhanna360@gmail.com,2024-07-30 14:48:28.516461+00,Mridul,Khanna
187,Abhinav Madke,abhinavmadke20.9.2008@gmail.com,2024-07-30 13:24:02.107899+00,Abhinav,Madke
185,Nandini sonekar,sonekarnandini1@gmail.com,2024-07-30 13:00:59.29744+00,Nandini,sonekar
178,Sachi Sisodia,sisodiasachi8@gmail.com,2024-07-30 12:52:46.934313+00,Sachi,Sisodia
175,Rushikesh Jadhav,rushijadhav1423@gmail.com,2024-07-30 12:34:10.826475+00,Rushikesh,Jadhav
174,Gopikrishnan Tripathy,gopitrip.gt123@gmail.com,2024-07-30 11:43:03.237634+00,Gopikrishnan,Tripathy
173,Avani Reddy Patlolla,avanipatlolla@ufl.edu,2024-07-30 10:45:55.891202+00,Avani,Reddy Patlolla
166,Avani Reddy Patlolla,avanipatlolla@gmail.com,2024-07-30 10:44:09.51805+00,Avani,Reddy Patlolla
165,Mayur Sonare ,mayursonare18@gmail.com,2024-07-30 09:40:10.404773+00,Mayur,Sonare
162,Lalit,namdevlalit997@gmail.com,2024-07-30 06:48:18.006661+00,Lalit,
161,Maximus ,maxg348@gmail.com,2024-07-30 04:07:07.336365+00,Maximus,
159,Aliya,aliyarandhawa9@gmail.com,2024-07-30 03:46:14.667424+00,Aliya,
158,Priyanka Angane ,priyankaangane19@gmail.com,2024-07-30 03:20:02.404402+00,Priyanka,Angane
156,Aditi Ranjan,aditi.ranjan.mtv@gmail.com,2024-07-30 03:08:45.183584+00,Aditi,Ranjan
155,Lance ,lanzkiebalungcas@gmail.com,2024-07-30 02:50:35.754718+00,Lance,
154,James Matthew Llanos,llanosjamesmatthew30@gmail.com,2024-07-30 01:51:43.435273+00,James,Matthew Llanos
153,Leo Zhao,leozhao658@gmail.com,2024-07-30 01:42:13.789737+00,Leo,Zhao
152,Riya Brar,riyabrar0@gmail.com,2024-07-30 01:39:45.554846+00,Riya,Brar
151,Riya Brar,riyabrar0@gmail.con,2024-07-30 01:39:43.749862+00,Riya,Brar
149,Aaron Chen,ashfurpmv@gmail.com,2024-07-30 01:34:02.321533+00,Aaron,Chen
148,Avro,avopotter6@gmail.com,2024-07-30 00:43:49.280806+00,Avro,
146,Neel Patel,n37patel@uwaterloo.ca,2024-07-30 00:09:37.227293+00,Neel,Patel
145,Mishal,mishalirfan08@gmail.com,2024-07-29 23:58:05.514578+00,Mishal,
144,Krishna Kesavalu,krishnaearth2@gmail.com,2024-07-29 22:56:46.844484+00,Krishna,Kesavalu
143,Robert Carmen ,hpscigeek@gmail.com,2024-07-29 22:32:50.511312+00,Robert,Carmen
140,Zoubida rezki,zoubidaziroki@gmail.com,2024-07-29 22:28:15.980394+00,Zoubida,rezki
138,Parvinder kaur,parvinderbabar@gmail.com,2024-07-29 20:20:08.024418+00,Parvinder,kaur
137,Aritro Roy,officialaritro204@gmail.com,2024-07-29 20:14:13.447695+00,Aritro,Roy
136,Bisrat Kebere,kiyyakebere@gmail.com,2024-07-29 20:10:17.368616+00,Bisrat,Kebere
134,Luca Wrabetz,wrabetzluca@gmail.com,2024-07-29 19:53:15.579506+00,Luca,Wrabetz
133,Daksh Kanaujia,dakshkanaujia@gmail.com,2024-07-29 19:44:03.787711+00,Daksh,Kanaujia
132,Nodshley Marcelin,nmarcelin123@gmail.com,2024-07-29 19:09:48.100439+00,Nodshley,Marcelin
130,Abdur,abdur@freelancedev.in,2024-07-29 18:45:57.137085+00,Abdur,
128,Vineet ,vineettech03@gmail.com,2024-07-29 18:34:48.457932+00,Vineet,
126,Ahmad Umar,ahmadumar5485@gmail.com,2024-07-29 18:20:36.70432+00,Ahmad,Umar
125,A,aa9771966@gmail.com,2024-07-29 18:05:51.83075+00,A,
124,Jahnavj,cheethirala.jahnavi@gmail.com,2024-07-29 18:04:27.914427+00,Jahnavj,
122,Manushree Bartaria ,manushreebartaria07@gmail.com,2024-07-29 17:54:32.264715+00,Manushree,Bartaria
121,Daniel Morgan ,danielrmorgan11@gmail.com,2024-07-29 17:54:18.434941+00,Daniel,Morgan
119,Richmond Azadze ,richmondazadze1313@gmail.com,2024-07-29 17:53:14.440239+00,Richmond,Azadze
118,Richmond Azadze ,richmondazasze1313@gmail.com,2024-07-29 17:52:54.611931+00,Richmond,Azadze
117,Tejas,tejasvnt02@gmail.com,2024-07-29 17:49:59.312176+00,Tejas,
115,Saras,saraswati.widhisari355@gmail.com,2024-07-29 17:45:20.623668+00,Saras,
113,Evezi Esiehor,eveziesiehor@gmail.com,2024-07-29 17:35:47.960506+00,Evezi,Esiehor
110,Jaskaran Singh,jasonkaura@gmail.com,2024-07-29 17:26:02.009872+00,Jaskaran,Singh
109,Anupama Singh,anupama2330@gmail.com,2024-07-29 17:18:48.106204+00,Anupama,Singh
104,Anupama Singh,singh134@illinois.edu,2024-07-29 17:18:24.037277+00,Anupama,Singh
103,Suhaina Fathima M ,suhainafathimam@gmail.com,2024-07-29 17:05:31.525375+00,Suhaina,Fathima M
102,Shrestha Hardia,hardiashrestha@gmail.com,2024-07-29 16:49:24.769551+00,Shrestha,Hardia
101,Saksham jain,jainsaksham1004@gmail.com,2024-07-29 16:47:14.224866+00,Saksham,jain
91,Afreen Hossain,afreenhossain0000@gmail.com,2024-07-29 16:32:17.417752+00,Afreen,Hossain
90,Ali Tayeb,ali.moh.islam.1@gmail.com,2024-07-29 16:31:06.118749+00,Ali,Tayeb
89,Tejas Bachhav ,tbachhav@binghamton.edu,2024-07-29 16:30:38.341415+00,Tejas,Bachhav
88,sankalp shukla,1sankalpshukla@gmail.com,2024-07-29 16:22:56.898321+00,sankalp,shukla
87,Rendabel Radian,rar2208@columbia.edu,2024-07-29 16:18:13.137261+00,Rendabel,Radian
84,Zeel Punjabi,zeelpunjabi07@gmail.com,2024-07-29 16:11:07.238801+00,Zeel,Punjabi
83,Mahak Pandey,mahak0312pandey@gmail.com,2024-07-29 16:05:05.403185+00,Mahak,Pandey
81,Fei Lin,feilinpersonal@gmail.com,2024-07-29 16:02:59.7721+00,Fei,Lin
80,Angelmay Beck,angelmaybeck@gmail.com,2024-07-29 15:58:06.305096+00,Angelmay,Beck
79,David Chaudhari,davidc03@mit.edu,2024-07-29 15:54:57.646028+00,David,Chaudhari
77,William Rae,william@rae.me.uk,2024-07-29 15:52:26.210177+00,William,Rae
75,Harshpreet Kaur,harshpreet.149kaur@gmail.com,2024-07-29 15:50:38.205204+00,Harshpreet,Kaur
74,Bisrat Kebere ,Kiyyakebere@gmail.com,2024-07-29 15:43:46.531471+00,Bisrat,Kebere
69,Oli Mebberson,oli@mebberson.com,2024-07-29 05:59:56.650217+00,Oli,Mebberson
63,Ray,me@rayhanadev.com,2024-07-29 01:47:44.659709+00,Ray,
61,thatmagialcat,thatmagicalcat@duck.com,2024-07-28 15:10:01.159045+00,thatmagialcat,
59,Julie Pham,julie.minhthupham@gmail.com,2024-07-27 17:22:53.752368+00,Julie,Pham
55,RISHITA KANESARIA,rishitakanesaria926@gmail.com,2024-07-24 19:45:25.531158+00,RISHITA,KANESARIA
51,Daniel Pye,dpye@northglade.ca,2024-07-24 15:32:45.641082+00,Daniel,Pye
50,Daniel Michael,itzdanielmichael@gmail.com,2024-07-14 20:31:58.435021+00,Daniel,Michael
48,belle pensamiento,belle@pensamiento.ca,2024-07-14 16:42:25.856531+00,belle,pensamiento
46,Joy Akinkunmi,joyakinkunmi1@gmail.com,2024-07-11 17:58:16.851841+00,Joy,Akinkunmi
44,Joshua Omeje,joshuaomeje2767@gmail.com,2024-07-09 03:57:58.545721+00,Joshua,Omeje
41,Shayan Awan,shayan.awan.shakeel@gmail.com,2024-07-08 22:46:39.751529+00,Shayan,Awan
39,Tanush P,tanush.pandya@gmail.com,2024-07-08 01:02:04.8232+00,Tanush,P
38,Daniel Morgan,me@danielmorgan.xyz,2024-07-07 23:46:42.988857+00,Daniel,Morgan
37,Majdi Alameddine,majdi_alameddine@bbschool.org,2024-07-07 23:13:23.186308+00,Majdi,Alameddine
36,Osman Idris,sanossul44@gmail.com,2024-07-07 20:28:59.012769+00,Osman,Idris
34,Piranaven Puvanenthiran,everypiruever@gmail.com,2024-07-05 21:33:51.415529+00,Piranaven,Puvanenthiran
31,Piranaven Puvanenthiran,piranaven12@gmail.com,2024-07-05 21:33:31.23206+00,Piranaven,Puvanenthiran
30,Alijah Xverious,alijahxverious@gmail.com,2024-07-04 14:34:55.183173+00,Alijah,Xverious
29,John Liao,johnliao5@gmail.com,2024-07-04 03:56:28.976659+00,John,Liao
28,Parth Sheth,parthsheth343@gmail.com,2024-07-03 21:01:01.312499+00,Parth,Sheth
24,prisha,prishath17@outlook.com,2024-07-03 18:38:34.454433+00,prisha,
22, Lakshya Jain,1jainlak@hdsb.ca,2024-07-03 16:29:10.30083+00,Lakshya,Jain
21,Srigan Siva,srigan.siva@gmail.com,2024-07-03 16:24:49.468346+00,Srigan,Siva
